{"/Ljrecy/3/myWallet.apc":"/UI2/Ljrecy/3/myWallet.w","/Ljrecy/3/myWallet.amobile":"/UI2/Ljrecy/3/myWallet.w","/Ljrecy/shop/mainActivity.apc":"/UI2/Ljrecy/shop/mainActivity.w","/Ljrecy/shop/mainActivity.amobile":"/UI2/Ljrecy/shop/mainActivity.w","/Ljrecy/shop/newArrival.apc":"/UI2/Ljrecy/shop/newArrival.w","/Ljrecy/shop/newArrival.amobile":"/UI2/Ljrecy/shop/newArrival.w","/Ljrecy/LoginActivity.apc":"/UI2/Ljrecy/LoginActivity.w","/Ljrecy/LoginActivity.amobile":"/UI2/Ljrecy/LoginActivity.w","/Ljrecy/shop/detail.apc":"/UI2/Ljrecy/shop/detail.w","/Ljrecy/shop/detail.amobile":"/UI2/Ljrecy/shop/detail.w","/Ljrecy/channel/menu1Pic1.apc":"/UI2/Ljrecy/channel/menu1Pic1.w","/Ljrecy/channel/menu1Pic1.amobile":"/UI2/Ljrecy/channel/menu1Pic1.w","/Ljrecy/channel/menu1Pic2.apc":"/UI2/Ljrecy/channel/menu1Pic2.w","/Ljrecy/channel/menu1Pic2.amobile":"/UI2/Ljrecy/channel/menu1Pic2.w","/Ljrecy/2/mcAccount.apc":"/UI2/Ljrecy/2/mcAccount.w","/Ljrecy/2/mcAccount.amobile":"/UI2/Ljrecy/2/mcAccount.w","/Ljrecy/4/about.apc":"/UI2/Ljrecy/4/about.w","/Ljrecy/4/about.amobile":"/UI2/Ljrecy/4/about.w","/Ljrecy/2/changeLocal.apc":"/UI2/Ljrecy/2/changeLocal.w","/Ljrecy/2/changeLocal.amobile":"/UI2/Ljrecy/2/changeLocal.w","/Ljrecy/channel/menu1Pic3.apc":"/UI2/Ljrecy/channel/menu1Pic3.w","/Ljrecy/channel/menu1Pic3.amobile":"/UI2/Ljrecy/channel/menu1Pic3.w","/Ljrecy/4/settings.apc":"/UI2/Ljrecy/4/settings.w","/Ljrecy/4/settings.amobile":"/UI2/Ljrecy/4/settings.w","/Ljrecy/channel/menu1Pic4.apc":"/UI2/Ljrecy/channel/menu1Pic4.w","/Ljrecy/channel/menu1Pic4.amobile":"/UI2/Ljrecy/channel/menu1Pic4.w","/Ljrecy/channel/friendsRank.apc":"/UI2/Ljrecy/channel/friendsRank.w","/Ljrecy/channel/friendsRank.amobile":"/UI2/Ljrecy/channel/friendsRank.w","/Ljrecy/1/printTagStatus.apc":"/UI2/Ljrecy/1/printTagStatus.w","/Ljrecy/1/printTagStatus.amobile":"/UI2/Ljrecy/1/printTagStatus.w","/Ljrecy/registerActivity.apc":"/UI2/Ljrecy/registerActivity.w","/Ljrecy/registerActivity.amobile":"/UI2/Ljrecy/registerActivity.w","/Ljrecy/shop/onsale.apc":"/UI2/Ljrecy/shop/onsale.w","/Ljrecy/shop/onsale.amobile":"/UI2/Ljrecy/shop/onsale.w","/Ljrecy/shop/main.apc":"/UI2/Ljrecy/shop/main.w","/Ljrecy/shop/main.amobile":"/UI2/Ljrecy/shop/main.w","/Ljrecy/3/scoreStatus.apc":"/UI2/Ljrecy/3/scoreStatus.w","/Ljrecy/3/scoreStatus.amobile":"/UI2/Ljrecy/3/scoreStatus.w","/Ljrecy/mainActivity.apc":"/UI2/Ljrecy/mainActivity.w","/Ljrecy/mainActivity.amobile":"/UI2/Ljrecy/mainActivity.w","end":1}