<?xml version="1.0" encoding="UTF-8"?>

<div xmlns="http://www.w3.org/1999/xhtml" component="$model/UI2/system/components/justep/window/window" design="device:mobile" xid="window" data-bind="component:{name:'$model/UI2/system/components/justep/window/window'}" __cid="cEzyUzi" class="cEzyUzi" components="$model/UI2/system/components/justep/model/model,$model/UI2/system/components/justep/loadingBar/loadingBar,$model/UI2/system/components/justep/button/button,$model/UI2/system/components/justep/row/row,$model/UI2/system/components/justep/titleBar/titleBar,$model/UI2/system/components/justep/panel/child,$model/UI2/system/components/justep/window/window,$model/UI2/system/components/justep/panel/panel,">
  <xhtml:style xmlns:xhtml="http://www.w3.org/1999/xhtml">.o-note.cEzyUzi{display: block; height: 24px; text-overflow: ellipsis; white-space: nowrap; overflow: hidden} h5.cEzyUzi{margin-top: 0} .x-row.cEzyUzi{padding-left: 0px; padding-right: 0px} .btn-group.cEzyUzi .active.cEzyUzi{color: rgb(51, 51, 51)}</xhtml:style>  
  <div component="$model/UI2/system/components/justep/model/model" xid="model" style="display:none" data-bind="component:{name:'$model/UI2/system/components/justep/model/model'}" __cid="cEzyUzi" class="cEzyUzi"></div>  
  <div component="$model/UI2/system/components/justep/panel/panel" class="x-panel x-full pb610d9396a234a6192cc1545f452e9b2-iosstatusbar cEzyUzi" data-bind="component:{name:'$model/UI2/system/components/justep/panel/panel'}" __cid="cEzyUzi"> 
    <div class="x-panel-top cEzyUzi" component="$model/UI2/system/components/justep/panel/child" data-bind="component:{name:'$model/UI2/system/components/justep/panel/child'}" __cid="cEzyUzi"> 
      <div component="$model/UI2/system/components/justep/titleBar/titleBar" class="x-titlebar cEzyUzi" data-bind="component:{name:'$model/UI2/system/components/justep/titleBar/titleBar'}" data-config="{&quot;title&quot;:&quot;趣味MC&quot;}" __cid="cEzyUzi"> 
        <div class="x-titlebar-left cEzyUzi" __cid="cEzyUzi"> 
          <a component="$model/UI2/system/components/justep/button/button" class="btn btn-link btn-only-icon cEzyUzi" xid="backBtn" data-bind="component:{name:'$model/UI2/system/components/justep/button/button'}" data-events="onClick:{operation:'window.close'}" data-config="{&quot;icon&quot;:&quot;icon-chevron-left&quot;,&quot;label&quot;:&quot;&quot;}" __cid="cEzyUzi"> 
            <i class="icon-chevron-left cEzyUzi" __cid="cEzyUzi"/>  
            <span __cid="cEzyUzi" class="cEzyUzi"/> 
          </a> 
        </div>  
        <div class="x-titlebar-title cEzyUzi" __cid="cEzyUzi">趣味MC</div>  
        <div class="x-titlebar-right  cEzyUzi" style="text-align:center;" __cid="cEzyUzi">
          <div class="empty cEzyUzi" __cid="cEzyUzi"/>
          <a component="$model/UI2/system/components/justep/button/button" class="btn btn-link cEzyUzi" xid="button4" style="width:100%;" data-bind="component:{name:'$model/UI2/system/components/justep/button/button'}" data-events="onClick:openMySroce" data-config="{&quot;label&quot;:&quot;我的积分&quot;}" __cid="cEzyUzi"> 
            <i xid="i4" __cid="cEzyUzi" class="cEzyUzi"/>  
            <span xid="span4" __cid="cEzyUzi" class="cEzyUzi">我的积分</span>
          </a>
        </div> 
      </div> 
    </div>  
    <div class="x-panel-content cEzyUzi" component="$model/UI2/system/components/justep/panel/child" data-bind="component:{name:'$model/UI2/system/components/justep/panel/child'}" __cid="cEzyUzi"> 
      <div component="$model/UI2/system/components/justep/row/row" class="x-row cEzyUzi" xid="row1" data-bind="component:{name:'$model/UI2/system/components/justep/row/row'}" __cid="cEzyUzi"> 
        <div class="x-col cEzyUzi" xid="col1" __cid="cEzyUzi">
          <a component="$model/UI2/system/components/justep/button/button" class="btn btn-link btn-icon-left cEzyUzi" xid="button1" style="width:100%;font-size:20px;font-weight:bold;color:#000000;" data-bind="component:{name:'$model/UI2/system/components/justep/button/button'}" data-config="{&quot;icon&quot;:&quot;img:$model/UI2/Ljrecy/channel/img/FunMC0.png&quot;,&quot;label&quot;:&quot;环保知识问答&quot;}" __cid="cEzyUzi"> 
            <i xid="i1" __cid="cEzyUzi" class="cEzyUzi"/>  
            <img src="$model/UI2/Ljrecy/channel/img/FunMC0.png" xid="image1" style="width:70px;" __cid="cEzyUzi" class="cEzyUzi"/>
            <span xid="span1" __cid="cEzyUzi" class="cEzyUzi">环保知识问答</span>
          </a>
        </div> 
      </div>  
      <div component="$model/UI2/system/components/justep/row/row" class="x-row cEzyUzi" xid="row3" data-bind="component:{name:'$model/UI2/system/components/justep/row/row'}" __cid="cEzyUzi"> 
        <div class="x-col cEzyUzi" xid="col7" __cid="cEzyUzi">
          <a component="$model/UI2/system/components/justep/button/button" class="btn btn-link btn-icon-left cEzyUzi" xid="button3" style="width:100%;font-size:20px;font-weight:bold;color:#000000;" data-bind="component:{name:'$model/UI2/system/components/justep/button/button'}" data-config="{&quot;icon&quot;:&quot;img:$model/UI2/Ljrecy/channel/img/FunMC1.png&quot;,&quot;label&quot;:&quot;趣味游戏&quot;}" __cid="cEzyUzi"> 
            <i xid="i3" __cid="cEzyUzi" class="cEzyUzi"/>  
            <img src="$model/UI2/Ljrecy/channel/img/FunMC1.png" xid="image2" style="width:70px;" __cid="cEzyUzi" class="cEzyUzi"/>
            <span xid="span3" __cid="cEzyUzi" class="cEzyUzi">趣味游戏</span>
          </a>
        </div> 
      </div>
    </div>  
    <style __cid="cEzyUzi" class="cEzyUzi">.x-panel.pb610d9396a234a6192cc1545f452e9b2-iosstatusbar &gt;.x-panel-top {height: 48px;}.x-panel.pb610d9396a234a6192cc1545f452e9b2-iosstatusbar &gt;.x-panel-content { top: 48px;bottom: nullpx;}.x-panel.pb610d9396a234a6192cc1545f452e9b2-iosstatusbar &gt;.x-panel-bottom {height: nullpx;}.iosstatusbar .x-panel.pb610d9396a234a6192cc1545f452e9b2-iosstatusbar &gt;.x-panel-top,.iosstatusbar .x-panel .x-panel-content .x-has-iosstatusbar.x-panel.pb610d9396a234a6192cc1545f452e9b2-iosstatusbar &gt;.x-panel-top {height: 68px;}.iosstatusbar .x-panel.pb610d9396a234a6192cc1545f452e9b2-iosstatusbar &gt;.x-panel-content,.iosstatusbar .x-panel .x-panel-content .x-has-iosstatusbar.x-panel.pb610d9396a234a6192cc1545f452e9b2-iosstatusbar &gt;.x-panel-content { top: 68px;}.iosstatusbar .x-panel .x-panel-content .x-panel.pb610d9396a234a6192cc1545f452e9b2-iosstatusbar &gt;.x-panel-top {height: 48px;}.iosstatusbar .x-panel .x-panel-content .x-panel.pb610d9396a234a6192cc1545f452e9b2-iosstatusbar &gt;.x-panel-content {top: 48px;}</style>
  </div> 
</div>
