<?xml version="1.0" encoding="UTF-8"?>

<div xmlns="http://www.w3.org/1999/xhtml" component="$model/UI2/system/components/justep/window/window" design="device:m;" xid="window" class="window cuyqmme" data-bind="component:{name:'$model/UI2/system/components/justep/window/window'}" __cid="cuyqmme" components="$model/UI2/system/components/justep/model/model,$model/UI2/system/components/justep/loadingBar/loadingBar,$model/UI2/system/components/justep/button/button,$model/UI2/system/components/justep/list/list,$model/UI2/system/components/justep/output/output,$model/UI2/system/components/justep/titleBar/titleBar,$model/UI2/system/components/justep/panel/child,$model/UI2/system/components/justep/data/data,$model/UI2/system/components/justep/window/window,$model/UI2/system/components/justep/panel/panel,">
  <xhtml:style xmlns:xhtml="http://www.w3.org/1999/xhtml">.rank1.cuyqmme{background: url($model/UI2/Ljrecy/channel/img/rank1.jpg); height: 70px; background-repeat: no-repeat; background-size: contain; background-position: 50%} .rank1text.cuyqmme{color: rgb(255, 51, 0)} .rank2.cuyqmme{background: url($model/UI2/Ljrecy/channel/img/rank2.jpg); height: 70px; background-repeat: no-repeat; background-size: contain; background-position: 50%} .rank2text.cuyqmme{color: rgb(255, 102, 0)} .rank3.cuyqmme{background: url($model/UI2/Ljrecy/channel/img/rank3.jpg); height: 70px; background-repeat: no-repeat; background-size: contain; background-position: 50%; color: rgb(255, 153, 0)} .rank3text.cuyqmme{color: rgb(255, 153, 0)}</xhtml:style>  
  <div component="$model/UI2/system/components/justep/model/model" xid="model" style="display:none" data-bind="component:{name:'$model/UI2/system/components/justep/model/model'}" __cid="cuyqmme" class="cuyqmme"></div>  
  <div component="$model/UI2/system/components/justep/panel/panel" class="x-panel x-full p71621baf43794414a45f07e9f90891c9-iosstatusbar cuyqmme" xid="panel1" data-bind="component:{name:'$model/UI2/system/components/justep/panel/panel'}" __cid="cuyqmme"> 
    <div class="x-panel-top cuyqmme" xid="top1" component="$model/UI2/system/components/justep/panel/child" data-bind="component:{name:'$model/UI2/system/components/justep/panel/child'}" __cid="cuyqmme"> 
      <div component="$model/UI2/system/components/justep/titleBar/titleBar" class="x-titlebar cuyqmme" data-bind="component:{name:'$model/UI2/system/components/justep/titleBar/titleBar'}" data-config="{&quot;title&quot;:&quot;排行榜&quot;}" __cid="cuyqmme"> 
        <div class="x-titlebar-left cuyqmme" __cid="cuyqmme"> 
          <a component="$model/UI2/system/components/justep/button/button" class="btn btn-link btn-only-icon cuyqmme" xid="backBtn" data-bind="component:{name:'$model/UI2/system/components/justep/button/button'}" data-events="onClick:{operation:'window.close'}" data-config="{&quot;icon&quot;:&quot;icon-chevron-left&quot;,&quot;label&quot;:&quot;&quot;}" __cid="cuyqmme"> 
            <i class="icon-chevron-left cuyqmme" __cid="cuyqmme"/>  
            <span __cid="cuyqmme" class="cuyqmme"/> 
          </a> 
        </div>  
        <div class="x-titlebar-title cuyqmme" __cid="cuyqmme">排行榜</div>  
        <div class="x-titlebar-right  cuyqmme" __cid="cuyqmme">
          <div class="empty cuyqmme" __cid="cuyqmme"/>
        </div> 
      </div> 
    </div>  
    <div class="x-panel-content cuyqmme" xid="content1" component="$model/UI2/system/components/justep/panel/child" data-bind="component:{name:'$model/UI2/system/components/justep/panel/child'}" __cid="cuyqmme">
      <table component="$model/UI2/system/components/justep/list/list" class="x-list cuyqmme" xid="list2" style="width:100%;margin-top:10px;" data-bind="component:{name:'$model/UI2/system/components/justep/list/list'}" data-config="{&quot;data&quot;:&quot;data1&quot;}" __cid="cuyqmme"> 
        <thead xid="thead1" style="width:100%;" __cid="cuyqmme" class="cuyqmme"> 
          <tr xid="tr1" __cid="cuyqmme" class="cuyqmme"> 
            <th xid="default2" style="width:33.3333%;text-align:center;" __cid="cuyqmme" class="cuyqmme">名次</th>  
            <th xid="default3" style="width:33.3333%;text-align:center;" __cid="cuyqmme" class="cuyqmme">用户名</th>  
            <th xid="default4" style="width:33.3333%;text-align:center;" __cid="cuyqmme" class="cuyqmme">积分</th>
          </tr> 
        </thead>  
        <tbody class="x-list-template hide cuyqmme" xid="listTemplate1" bind-foreach="{data:$model.foreach_list2($element),afterRender:$model.foreach_afterRender_list2.bind($model,$element)}" __cid="cuyqmme"> 
          <tr xid="tr2" style="border-top-width: 5px;     border-bottom-width: 5px;     border-color: white;     border-style: solid;" __cid="cuyqmme" class="cuyqmme"> 
            <td xid="td1" bind-css="{'rank1':val(&quot;rank&quot;)==1,'rank2': val(&quot;rank&quot;) == 2,'rank3': val(&quot;rank&quot;)==3}" __cid="cuyqmme" class="cuyqmme"/>  
            <td xid="td2" __cid="cuyqmme" class="cuyqmme">
              <div component="$model/UI2/system/components/justep/output/output" class="x-output cuyqmme" xid="output1" style="width:100%;text-align:center;font-size:20px;font-weight:bold;" bind-css="{'rank1text':val(&quot;rank&quot;)==1,'rank2text': val(&quot;rank&quot;) == 2,'rank3text': val(&quot;rank&quot;)==3}" data-bind="component:{ref:ref(&quot;usrName&quot;),name:'$model/UI2/system/components/justep/output/output'}" __cid="cuyqmme"/>
            </td>  
            <td xid="td3" __cid="cuyqmme" class="cuyqmme">
              <div component="$model/UI2/system/components/justep/output/output" class="x-output cuyqmme" xid="output2" style="width:100%;text-align:center;font-size:20px;font-weight:bold;" bind-css="{'rank1text':val(&quot;rank&quot;)==1,'rank2text': val(&quot;rank&quot;) == 2,'rank3text': val(&quot;rank&quot;)==3}" data-bind="component:{ref:ref(&quot;sroce&quot;),name:'$model/UI2/system/components/justep/output/output'}" __cid="cuyqmme"/>
            </td> 
          </tr> 
        </tbody> 
      </table> 
    </div>  
    <style __cid="cuyqmme" class="cuyqmme">.x-panel.p71621baf43794414a45f07e9f90891c9-iosstatusbar &gt;.x-panel-top {height: 48px;}.x-panel.p71621baf43794414a45f07e9f90891c9-iosstatusbar &gt;.x-panel-content { top: 48px;bottom: nullpx;}.x-panel.p71621baf43794414a45f07e9f90891c9-iosstatusbar &gt;.x-panel-bottom {height: nullpx;}.iosstatusbar .x-panel.p71621baf43794414a45f07e9f90891c9-iosstatusbar &gt;.x-panel-top,.iosstatusbar .x-panel .x-panel-content .x-has-iosstatusbar.x-panel.p71621baf43794414a45f07e9f90891c9-iosstatusbar &gt;.x-panel-top {height: 68px;}.iosstatusbar .x-panel.p71621baf43794414a45f07e9f90891c9-iosstatusbar &gt;.x-panel-content,.iosstatusbar .x-panel .x-panel-content .x-has-iosstatusbar.x-panel.p71621baf43794414a45f07e9f90891c9-iosstatusbar &gt;.x-panel-content { top: 68px;}.iosstatusbar .x-panel .x-panel-content .x-panel.p71621baf43794414a45f07e9f90891c9-iosstatusbar &gt;.x-panel-top {height: 48px;}.iosstatusbar .x-panel .x-panel-content .x-panel.p71621baf43794414a45f07e9f90891c9-iosstatusbar &gt;.x-panel-content {top: 48px;}</style>
  </div> 
</div>
