<?xml version="1.0" encoding="UTF-8"?>

<div xmlns="http://www.w3.org/1999/xhtml" xid="window" class="window c3YF3If" component="$model/UI2/system/components/justep/window/window" design="device:m;" data-bind="component:{name:'$model/UI2/system/components/justep/window/window'}" __cid="c3YF3If" components="$model/UI2/system/components/justep/model/model,$model/UI2/system/components/justep/loadingBar/loadingBar,$model/UI2/system/components/justep/button/button,$model/UI2/system/components/justep/distpicker/districtSelect,$model/UI2/system/components/justep/controlGroup/controlGroup,$model/UI2/system/components/justep/input/input,$model/UI2/system/components/justep/panel/child,$model/UI2/system/components/justep/messageDialog/messageDialog,$model/UI2/system/components/justep/labelEdit/labelEdit,$model/UI2/system/components/justep/distpicker/provinceSelect,$model/UI2/system/components/justep/panel/panel,$model/UI2/system/components/justep/input/password,$model/UI2/system/components/justep/select/select,$model/UI2/system/components/justep/row/row,$model/UI2/system/components/justep/titleBar/titleBar,$model/UI2/system/components/justep/data/data,$model/UI2/system/components/justep/window/window,$model/UI2/system/components/justep/distpicker/citySelect,">  
  <div component="$model/UI2/system/components/justep/model/model" xid="model" style="display:none" data-bind="component:{name:'$model/UI2/system/components/justep/model/model'}" __cid="c3YF3If" class="c3YF3If"></div>  
  <span component="$model/UI2/system/components/justep/messageDialog/messageDialog" xid="msgDig" style="top:13px;left:96px;" data-bind="component:{name:'$model/UI2/system/components/justep/messageDialog/messageDialog'}" data-config="{&quot;type&quot;:&quot;OK&quot;}" __cid="c3YF3If" class="c3YF3If">
    <xhtml:div xmlns:xhtml="http://www.w3.org/1999/xhtml" class="x-modal-overlay c3YF3If" __cid="c3YF3If"/>
    <xhtml:div xmlns:xhtml="http://www.w3.org/1999/xhtml" class="x-modal c3YF3If" __cid="c3YF3If">
      <xhtml:div class="x-modal-inner c3YF3If" __cid="c3YF3If">
        <xhtml:div class="x-modal-title c3YF3If" __cid="c3YF3If"></xhtml:div>
        <xhtml:div class="x-modal-text c3YF3If" __cid="c3YF3If"></xhtml:div>
        <xhtml:input class="x-modal-prompt-input c3YF3If" type="text" __cid="c3YF3If"/>
      </xhtml:div>
      <xhtml:div class="x-modal-buttons c3YF3If" __cid="c3YF3If">
        <xhtml:a class="x-modal-button x-modal-button-bold OK c3YF3If" value="ok" __cid="c3YF3If">确定</xhtml:a>
        <xhtml:a class="x-modal-button x-modal-button-bold Yes c3YF3If" value="yes" __cid="c3YF3If">是</xhtml:a>
        <xhtml:a class="x-modal-button x-modal-button-bold No c3YF3If" value="no" __cid="c3YF3If">否</xhtml:a>
        <xhtml:a class="x-modal-button x-modal-button-bold Cancel c3YF3If" value="cancel" __cid="c3YF3If">取消</xhtml:a>
      </xhtml:div>
    </xhtml:div>
  </span>
  <div component="$model/UI2/system/components/justep/panel/panel" class="x-panel x-full pda37f761748242c4bdd874b3d4130b85-iosstatusbar c3YF3If" xid="panel1" data-bind="component:{name:'$model/UI2/system/components/justep/panel/panel'}" __cid="c3YF3If"> 
    <div class="x-panel-top c3YF3If" xid="top1" component="$model/UI2/system/components/justep/panel/child" data-bind="component:{name:'$model/UI2/system/components/justep/panel/child'}" __cid="c3YF3If"> 
      <div component="$model/UI2/system/components/justep/titleBar/titleBar" class="x-titlebar c3YF3If" xid="titleBar1" data-bind="component:{name:'$model/UI2/system/components/justep/titleBar/titleBar'}" data-config="{&quot;title&quot;:&quot;注册页面&quot;}" __cid="c3YF3If"> 
        <div class="x-titlebar-left c3YF3If" xid="left1" __cid="c3YF3If"> 
          <a component="$model/UI2/system/components/justep/button/button" class="btn btn-link btn-only-icon c3YF3If" xid="button1" data-bind="component:{name:'$model/UI2/system/components/justep/button/button'}" data-events="onClick:{&quot;operation&quot;:&quot;window.close&quot;}" data-config="{&quot;icon&quot;:&quot;icon-chevron-left&quot;,&quot;label&quot;:&quot;button&quot;}" __cid="c3YF3If"> 
            <i xid="i2" class="icon-chevron-left c3YF3If" __cid="c3YF3If"/>  
            <span xid="span1" __cid="c3YF3If" class="c3YF3If"/> 
          </a> 
        </div>  
        <div class="x-titlebar-title c3YF3If" xid="title1" __cid="c3YF3If">注册页面</div>  
        <div class="x-titlebar-right  c3YF3If" xid="right1" __cid="c3YF3If">
          <div class="empty c3YF3If" __cid="c3YF3If"/>
        </div> 
      </div> 
    </div>  
    <div class="x-panel-content c3YF3If" xid="content1" component="$model/UI2/system/components/justep/panel/child" data-bind="component:{name:'$model/UI2/system/components/justep/panel/child'}" __cid="c3YF3If"> 
      <div component="$model/UI2/system/components/justep/controlGroup/controlGroup" class="x-control-group c3YF3If" xid="controlGroup1" data-bind="component:{name:'$model/UI2/system/components/justep/controlGroup/controlGroup'}" data-config="{&quot;title&quot;:&quot;title&quot;}" __cid="c3YF3If"> 
        <div component="$model/UI2/system/components/justep/labelEdit/labelEdit" class="x-label-edit x-label30 c3YF3If" xid="labelEdit1" data-bind="component:{name:'$model/UI2/system/components/justep/labelEdit/labelEdit'}" __cid="c3YF3If"> 
          <label class="x-label c3YF3If" xid="label1" bind-text="$model.regData.label(&quot;loginName&quot;)" style="font-weight:600;" __cid="c3YF3If"/>  
          <input component="$model/UI2/system/components/justep/input/input" class="form-control x-edit c3YF3If" xid="loginName" data-bind="component:{name:'$model/UI2/system/components/justep/input/input'}" data-config="{&quot;placeHolder&quot;:&quot;请输入账号&quot;}" __cid="c3YF3If"/> 
        </div>  
        <div component="$model/UI2/system/components/justep/labelEdit/labelEdit" class="x-label-edit x-label30 c3YF3If" xid="labelEdit2" data-bind="component:{name:'$model/UI2/system/components/justep/labelEdit/labelEdit'}" __cid="c3YF3If"> 
          <label class="x-label c3YF3If" xid="label2" bind-text="$model.regData.label(&quot;password&quot;)" style="font-weight:600;" __cid="c3YF3If"/>  
          <input component="$model/UI2/system/components/justep/input/password" class="form-control x-edit c3YF3If" xid="password" maxLength="16" type="password" data-bind="component:{name:'$model/UI2/system/components/justep/input/password'}" data-config="{&quot;placeHolder&quot;:&quot;请输入6-16位数字字母组成密码&quot;}" __cid="c3YF3If"/> 
        </div>  
        <div component="$model/UI2/system/components/justep/labelEdit/labelEdit" class="x-label-edit x-label30 c3YF3If" xid="labelEdit3" data-bind="component:{name:'$model/UI2/system/components/justep/labelEdit/labelEdit'}" __cid="c3YF3If"> 
          <label class="x-label c3YF3If" xid="label3" bind-text="$model.regData.label(&quot;repwd&quot;)" style="font-weight:600;" __cid="c3YF3If"/>  
          <input component="$model/UI2/system/components/justep/input/password" class="form-control x-edit c3YF3If" xid="repassword" type="password" data-bind="component:{name:'$model/UI2/system/components/justep/input/password'}" data-config="{&quot;placeHolder&quot;:&quot;确认密码&quot;}" __cid="c3YF3If"/> 
        </div>  
        <div component="$model/UI2/system/components/justep/labelEdit/labelEdit" class="x-label-edit x-label30 c3YF3If" xid="labelEdit7" data-bind="component:{name:'$model/UI2/system/components/justep/labelEdit/labelEdit'}" __cid="c3YF3If"> 
          <label class="x-label c3YF3If" xid="label7" bind-text="$model.regData.label(&quot;name&quot;)" style="font-weight:600;" __cid="c3YF3If"/>  
          <input component="$model/UI2/system/components/justep/input/input" class="form-control x-edit c3YF3If" xid="userName" data-bind="component:{name:'$model/UI2/system/components/justep/input/input'}" data-config="{&quot;placeHolder&quot;:&quot;请输入名字&quot;}" __cid="c3YF3If"/> 
        </div>  
        <div component="$model/UI2/system/components/justep/labelEdit/labelEdit" class="x-label-edit x-label30 c3YF3If" xid="labelEdit8" data-bind="component:{name:'$model/UI2/system/components/justep/labelEdit/labelEdit'}" __cid="c3YF3If"> 
          <label class="x-label c3YF3If" xid="label8" bind-text="$model.regData.label(&quot;sex&quot;)" style="font-weight:600;" __cid="c3YF3If"/>  
          <select component="$model/UI2/system/components/justep/select/select" class="form-control c3YF3If" xid="sexselect" bind-options="sexData.datas" bind-optionsValue="'value'" bind-optionsCaption="'请选择'" style="width:70%;" bind-optionsText="'sex'" bind-optionsAfterRender2="$model.__justep__.selectOptionsAfterRender.bind($model,$element)" bind-optionsBeforeRender="$model.__justep__.selectOptionsBeforeRender.bind($model,$element)" data-bind="component:{name:'$model/UI2/system/components/justep/select/select'}" __cid="c3YF3If"/>
        </div>  
        <div component="$model/UI2/system/components/justep/labelEdit/labelEdit" class="x-label-edit x-label30 c3YF3If" xid="labelEdit10" data-bind="component:{name:'$model/UI2/system/components/justep/labelEdit/labelEdit'}" __cid="c3YF3If"> 
          <label class="x-label c3YF3If" xid="label10" bind-text="$model.regData.label(&quot;cardID&quot;)" style="font-weight:600;" __cid="c3YF3If"/>  
          <input component="$model/UI2/system/components/justep/input/input" class="form-control x-edit c3YF3If" xid="cardID" data-bind="component:{name:'$model/UI2/system/components/justep/input/input'}" data-config="{&quot;placeHolder&quot;:&quot;请输入身份证号&quot;}" __cid="c3YF3If"/> 
        </div>  
        <div component="$model/UI2/system/components/justep/row/row" class="x-row c3YF3If" xid="row1" data-bind="component:{name:'$model/UI2/system/components/justep/row/row'}" __cid="c3YF3If"> 
          <div class="x-col c3YF3If" xid="col1" style="text-align:left;vertical-align:middle;display:block;margin:auto;margin-left:-10px;margin-right:6.5%;color:#BDBDBD;" __cid="c3YF3If">地址：</div>  
          <div class="x-col c3YF3If" xid="col2" __cid="c3YF3If">
            <select class="form-control c3YF3If" component="$model/UI2/system/components/justep/distpicker/provinceSelect" xid="provinceSelect" style="width:100%;" data-bind="component:{ref:$model.data1.ref(&quot;col0&quot;),name:'$model/UI2/system/components/justep/distpicker/provinceSelect'}" data-config="{&quot;optionsCaption&quot;:&quot;省&quot;}" __cid="c3YF3If"/>
          </div>  
          <div class="x-col c3YF3If" xid="col3" __cid="c3YF3If">
            <select class="form-control c3YF3If" component="$model/UI2/system/components/justep/distpicker/citySelect" xid="citySelect" style="width:100%;" data-bind="component:{ref:$model.data1.ref(&quot;col1&quot;),name:'$model/UI2/system/components/justep/distpicker/citySelect',provinceRef:$model.data1.ref(&quot;col0&quot;)}" data-config="{&quot;optionsCaption&quot;:&quot;市&quot;}" __cid="c3YF3If"/>
          </div>  
          <div class="x-col c3YF3If" xid="col4" __cid="c3YF3If">
            <select class="form-control c3YF3If" component="$model/UI2/system/components/justep/distpicker/districtSelect" xid="districtSelect" style="width:100%;" data-bind="component:{ref:$model.data1.ref(&quot;col2&quot;),name:'$model/UI2/system/components/justep/distpicker/districtSelect',cityRef:$model.data1.ref(&quot;col1&quot;)}" data-config="{&quot;optionsCaption&quot;:&quot;县&quot;}" __cid="c3YF3If"/>
          </div>
        </div>
        <div component="$model/UI2/system/components/justep/labelEdit/labelEdit" class="x-label-edit x-label30 c3YF3If" xid="labelEdit14" data-bind="component:{name:'$model/UI2/system/components/justep/labelEdit/labelEdit'}" __cid="c3YF3If"> 
          <label class="x-label c3YF3If" xid="label14" bind-text="$model.regData.label(&quot;street&quot;)" style="color:#BDBDBD;" __cid="c3YF3If"/>  
          <input component="$model/UI2/system/components/justep/input/input" class="form-control x-edit c3YF3If" xid="street" data-bind="component:{name:'$model/UI2/system/components/justep/input/input'}" __cid="c3YF3If"/> 
        </div>  
        <a component="$model/UI2/system/components/justep/button/button" class="btn btn-primary center-block c3YF3If" xid="regBtn" data-bind="component:{name:'$model/UI2/system/components/justep/button/button'}" data-events="onClick:regBtnClick" data-config="{&quot;label&quot;:&quot;注册&quot;}" __cid="c3YF3If"> 
          <i xid="i1" __cid="c3YF3If" class="c3YF3If"/>  
          <span xid="span2" __cid="c3YF3If" class="c3YF3If">注册</span> 
        </a> 
      </div> 
    </div>  
    <div class="x-panel-bottom c3YF3If" xid="bottom1" component="$model/UI2/system/components/justep/panel/child" data-bind="component:{name:'$model/UI2/system/components/justep/panel/child'}" __cid="c3YF3If"/>
    <style __cid="c3YF3If" class="c3YF3If">.x-panel.pda37f761748242c4bdd874b3d4130b85-iosstatusbar &gt;.x-panel-top {height: 48px;}.x-panel.pda37f761748242c4bdd874b3d4130b85-iosstatusbar &gt;.x-panel-content { top: 48px;bottom: nullpx;}.x-panel.pda37f761748242c4bdd874b3d4130b85-iosstatusbar &gt;.x-panel-bottom {height: nullpx;}.iosstatusbar .x-panel.pda37f761748242c4bdd874b3d4130b85-iosstatusbar &gt;.x-panel-top,.iosstatusbar .x-panel .x-panel-content .x-has-iosstatusbar.x-panel.pda37f761748242c4bdd874b3d4130b85-iosstatusbar &gt;.x-panel-top {height: 68px;}.iosstatusbar .x-panel.pda37f761748242c4bdd874b3d4130b85-iosstatusbar &gt;.x-panel-content,.iosstatusbar .x-panel .x-panel-content .x-has-iosstatusbar.x-panel.pda37f761748242c4bdd874b3d4130b85-iosstatusbar &gt;.x-panel-content { top: 68px;}.iosstatusbar .x-panel .x-panel-content .x-panel.pda37f761748242c4bdd874b3d4130b85-iosstatusbar &gt;.x-panel-top {height: 48px;}.iosstatusbar .x-panel .x-panel-content .x-panel.pda37f761748242c4bdd874b3d4130b85-iosstatusbar &gt;.x-panel-content {top: 48px;}</style>
  </div> 
</div>
