<?xml version="1.0" encoding="UTF-8"?>

<div xmlns="http://www.w3.org/1999/xhtml" component="$model/UI2/system/components/justep/window/window" design="device:m;" xid="window" class="window cmmEbIj" data-bind="component:{name:'$model/UI2/system/components/justep/window/window'}" __cid="cmmEbIj" components="$model/UI2/system/components/justep/model/model,$model/UI2/system/components/justep/loadingBar/loadingBar,$model/UI2/system/components/justep/button/button,$model/UI2/system/components/justep/row/row,$model/UI2/system/components/justep/titleBar/titleBar,$model/UI2/system/components/justep/panel/child,$model/UI2/system/components/justep/window/window,$model/UI2/system/components/justep/panel/panel,">  
  <div component="$model/UI2/system/components/justep/model/model" xid="model" style="display:none" data-bind="component:{name:'$model/UI2/system/components/justep/model/model'}" __cid="cmmEbIj" class="cmmEbIj"></div>  
  <div component="$model/UI2/system/components/justep/panel/panel" class="x-panel x-full pbeceb4494ee64c2b81526c408dd59286-iosstatusbar cmmEbIj" xid="panel1" data-bind="component:{name:'$model/UI2/system/components/justep/panel/panel'}" __cid="cmmEbIj"> 
    <div class="x-panel-top cmmEbIj" xid="top1" component="$model/UI2/system/components/justep/panel/child" data-bind="component:{name:'$model/UI2/system/components/justep/panel/child'}" __cid="cmmEbIj"> 
      <div component="$model/UI2/system/components/justep/titleBar/titleBar" class="x-titlebar cmmEbIj" data-bind="component:{name:'$model/UI2/system/components/justep/titleBar/titleBar'}" data-config="{&quot;title&quot;:&quot;我的钱包&quot;}" __cid="cmmEbIj"> 
        <div class="x-titlebar-left cmmEbIj" __cid="cmmEbIj"> 
          <a component="$model/UI2/system/components/justep/button/button" class="btn btn-link btn-only-icon cmmEbIj" xid="backBtn" data-bind="component:{name:'$model/UI2/system/components/justep/button/button'}" data-events="onClick:{operation:'window.close'}" data-config="{&quot;icon&quot;:&quot;icon-chevron-left&quot;,&quot;label&quot;:&quot;&quot;}" __cid="cmmEbIj"> 
            <i class="icon-chevron-left cmmEbIj" __cid="cmmEbIj"/>  
            <span __cid="cmmEbIj" class="cmmEbIj"/> 
          </a> 
        </div>  
        <div class="x-titlebar-title cmmEbIj" __cid="cmmEbIj">我的钱包</div>  
        <div class="x-titlebar-right  cmmEbIj" __cid="cmmEbIj">
          <div class="empty cmmEbIj" __cid="cmmEbIj"/>
        </div> 
      </div> 
    </div>  
    <div class="x-panel-content cmmEbIj" xid="content1" component="$model/UI2/system/components/justep/panel/child" data-bind="component:{name:'$model/UI2/system/components/justep/panel/child'}" __cid="cmmEbIj">
      <div component="$model/UI2/system/components/justep/row/row" class="x-row cmmEbIj" xid="row1" data-bind="component:{name:'$model/UI2/system/components/justep/row/row'}" __cid="cmmEbIj"> 
        <div class="x-col cmmEbIj" xid="col2" __cid="cmmEbIj">
          <a component="$model/UI2/system/components/justep/button/button" class="btn btn-link btn-lg btn-icon-left cmmEbIj" xid="button3" style="font-size:20px;font-weight:bold;color:#000000;border-style: solid;border-width: 1px;border-color: rgb(218, 218, 218);width:100%;" data-bind="component:{name:'$model/UI2/system/components/justep/button/button'}" data-config="{&quot;icon&quot;:&quot;img:$model/UI2/Ljrecy/3/img/u18.png&quot;,&quot;label&quot;:&quot;当前积分：&quot;}" __cid="cmmEbIj"> 
            <i xid="i3" __cid="cmmEbIj" class="cmmEbIj"/>  
            <img xid="image3" __cid="cmmEbIj" class="cmmEbIj"/>
            <span xid="span3" __cid="cmmEbIj" class="cmmEbIj">当前积分：</span>
          </a>
        </div> 
      </div>  
      <div component="$model/UI2/system/components/justep/row/row" class="x-row cmmEbIj" xid="row2" data-bind="component:{name:'$model/UI2/system/components/justep/row/row'}" __cid="cmmEbIj"> 
        <div class="x-col cmmEbIj" xid="col5" __cid="cmmEbIj">
          <a component="$model/UI2/system/components/justep/button/button" class="btn btn-link btn-lg btn-icon-left cmmEbIj" xid="button1" style="width:100%;font-size:20px;font-weight:bold;color:#000000;border-style: solid;border-width: 1px;border-color: rgb(218, 218, 218);" data-bind="component:{name:'$model/UI2/system/components/justep/button/button'}" data-events="onClick:open" data-config="{&quot;icon&quot;:&quot;img:$model/UI2/Ljrecy/3/img/u32.png&quot;,&quot;label&quot;:&quot;积分奖惩情况&quot;}" __cid="cmmEbIj"> 
            <i xid="i1" __cid="cmmEbIj" class="cmmEbIj"/>  
            <img src="$model/UI2/Ljrecy/3/img/u32.png" xid="image1" __cid="cmmEbIj" class="cmmEbIj"/>
            <span xid="span1" __cid="cmmEbIj" class="cmmEbIj">积分奖惩情况</span>
          </a>
        </div> 
      </div>  
      <div component="$model/UI2/system/components/justep/row/row" class="x-row cmmEbIj" xid="row3" data-bind="component:{name:'$model/UI2/system/components/justep/row/row'}" __cid="cmmEbIj"> 
        <div class="x-col cmmEbIj" xid="col7" __cid="cmmEbIj">
          <a component="$model/UI2/system/components/justep/button/button" class="btn btn-link btn-lg btn-icon-left cmmEbIj" xid="button2" style="width:100%;font-size:20px;font-weight:bold;color:#000000;border-style: solid;border-width: 1px;border-color: rgb(218, 218, 218);" data-bind="component:{name:'$model/UI2/system/components/justep/button/button'}" data-events="onClick:open" data-config="{&quot;icon&quot;:&quot;img:$model/UI2/Ljrecy/3/img/u34.png&quot;,&quot;label&quot;:&quot;积分商城&quot;}" __cid="cmmEbIj"> 
            <i xid="i2" __cid="cmmEbIj" class="cmmEbIj"/>  
            <img src="$model/UI2/Ljrecy/3/img/u34.png" xid="image2" __cid="cmmEbIj" class="cmmEbIj"/>
            <span xid="span2" __cid="cmmEbIj" class="cmmEbIj">积分商城</span>
          </a>
        </div> 
      </div>
    </div>  
    <style __cid="cmmEbIj" class="cmmEbIj">.x-panel.pbeceb4494ee64c2b81526c408dd59286-iosstatusbar &gt;.x-panel-top {height: 48px;}.x-panel.pbeceb4494ee64c2b81526c408dd59286-iosstatusbar &gt;.x-panel-content { top: 48px;bottom: nullpx;}.x-panel.pbeceb4494ee64c2b81526c408dd59286-iosstatusbar &gt;.x-panel-bottom {height: nullpx;}.iosstatusbar .x-panel.pbeceb4494ee64c2b81526c408dd59286-iosstatusbar &gt;.x-panel-top,.iosstatusbar .x-panel .x-panel-content .x-has-iosstatusbar.x-panel.pbeceb4494ee64c2b81526c408dd59286-iosstatusbar &gt;.x-panel-top {height: 68px;}.iosstatusbar .x-panel.pbeceb4494ee64c2b81526c408dd59286-iosstatusbar &gt;.x-panel-content,.iosstatusbar .x-panel .x-panel-content .x-has-iosstatusbar.x-panel.pbeceb4494ee64c2b81526c408dd59286-iosstatusbar &gt;.x-panel-content { top: 68px;}.iosstatusbar .x-panel .x-panel-content .x-panel.pbeceb4494ee64c2b81526c408dd59286-iosstatusbar &gt;.x-panel-top {height: 48px;}.iosstatusbar .x-panel .x-panel-content .x-panel.pbeceb4494ee64c2b81526c408dd59286-iosstatusbar &gt;.x-panel-content {top: 48px;}</style>
  </div> 
</div>
