<?xml version="1.0" encoding="UTF-8"?>

<div xmlns="http://www.w3.org/1999/xhtml" xid="window" class="window cBbimIn" component="$model/UI2/system/components/justep/window/window" design="device:m;" data-bind="component:{name:'$model/UI2/system/components/justep/window/window'}" __cid="cBbimIn" components="$model/UI2/system/components/justep/model/model,$model/UI2/system/components/justep/loadingBar/loadingBar,$model/UI2/system/components/justep/button/button,$model/UI2/system/components/justep/row/row,$model/UI2/system/components/justep/list/list,$model/UI2/system/components/justep/data/data,$model/UI2/system/components/justep/window/window,">
  <xhtml:style xmlns:xhtml="http://www.w3.org/1999/xhtml">.col-xs-6.cBbimIn{border: 1px solid rgb(238, 238, 238); padding: 10px 15px} .x-list-template.cBbimIn li.cBbimIn:first-child{border-top: 1px solid rgb(238, 238, 238)} .sTitle.cBbimIn{border-bottom: 1px solid rgb(238, 238, 238)} .x-list.cBbimIn{margin-top: -10px}</xhtml:style>  
  <div component="$model/UI2/system/components/justep/model/model" xid="model" style="display:none" data-bind="component:{name:'$model/UI2/system/components/justep/model/model'}" __cid="cBbimIn" class="cBbimIn"/>  
  <div xid="div1" __cid="cBbimIn" class="cBbimIn">
    <img src="" alt="" xid="image1" class="img-responsive cBbimIn" bind-attr-src="$model.toURL('./main/img/1.jpg')" __cid="cBbimIn"/>
  </div>
  <div component="$model/UI2/system/components/justep/list/list" class="x-list cBbimIn" xid="list2" data-bind="component:{name:'$model/UI2/system/components/justep/list/list'}" data-config="{&quot;data&quot;:&quot;jewelry&quot;,&quot;filter&quot;:&quot;$row.val('id') == 1&quot;}" __cid="cBbimIn"> 
    <ul class="x-list-template hide cBbimIn" xid="listTemplateUl1" bind-foreach="{data:$model.foreach_list2($element),afterRender:$model.foreach_afterRender_list2.bind($model,$element)}" __cid="cBbimIn"> 
      <li xid="li1" class="col-xs-6 cBbimIn" __cid="cBbimIn">
        <img src="" alt="" xid="image2" bind-attr-src="$model.toURL( &quot;./main/img/&quot;+$object.val(&quot;image&quot;))" class="img-responsive cBbimIn" bind-click="image2Click" __cid="cBbimIn"/> 
      </li>
    </ul> 
  </div>
  <div xid="div2" align="center" __cid="cBbimIn" class="cBbimIn">
    <span xid="span1" style="font-size:medium;" __cid="cBbimIn" class="cBbimIn">新上架</span>
  </div>
  <div component="$model/UI2/system/components/justep/list/list" class="x-list cBbimIn" xid="list1" data-bind="component:{name:'$model/UI2/system/components/justep/list/list'}" data-config="{&quot;data&quot;:&quot;jewelry&quot;,&quot;filter&quot;:&quot;$row.val('id') == 2&quot;}" __cid="cBbimIn"> 
    <ul class="x-list-template hide cBbimIn" xid="listTemplateUl2" bind-foreach="{data:$model.foreach_list1($element),afterRender:$model.foreach_afterRender_list1.bind($model,$element)}" __cid="cBbimIn"> 
      <li xid="li2" class="col-xs-6 cBbimIn" __cid="cBbimIn"> 
        <img src="" alt="" xid="image3" bind-attr-src="$model.toURL( &quot;./main/img/&quot;+$object.val(&quot;image&quot;))" class="img-responsive cBbimIn" bind-click="image3Click" __cid="cBbimIn"/>
      </li> 
    </ul> 
  </div>
  <div component="$model/UI2/system/components/justep/row/row" class="x-row cBbimIn" xid="row1" data-bind="component:{name:'$model/UI2/system/components/justep/row/row'}" __cid="cBbimIn"> 
    <div class="x-col cBbimIn" xid="col1" __cid="cBbimIn"/>  
    <div class="x-col cBbimIn" xid="col2" __cid="cBbimIn">
      <a component="$model/UI2/system/components/justep/button/button" class="btn x-red btn-block cBbimIn" xid="button6" data-bind="component:{name:'$model/UI2/system/components/justep/button/button'}" data-config="{&quot;label&quot;:&quot;按钮文字&quot;}" __cid="cBbimIn"> 
        <i xid="i6" __cid="cBbimIn" class="cBbimIn"/>  
        <span xid="span9" __cid="cBbimIn" class="cBbimIn">按钮文字</span>
      </a>
    </div>  
    <div class="x-col cBbimIn" xid="col3" __cid="cBbimIn"/>
  </div> 
</div>
