<?xml version="1.0" encoding="UTF-8"?>

<div xmlns="http://www.w3.org/1999/xhtml" component="$model/UI2/system/components/justep/window/window" xid="window" design="device:mobile" data-bind="component:{name:'$model/UI2/system/components/justep/window/window'}" __cid="ci2m2em" class="ci2m2em" components="$model/UI2/system/components/justep/model/model,$model/UI2/system/components/justep/loadingBar/loadingBar,$model/UI2/system/components/justep/button/button,$model/UI2/system/components/justep/windowReceiver/windowReceiver,$model/UI2/system/components/justep/controlGroup/controlGroup,$model/UI2/system/components/justep/row/row,$model/UI2/system/components/justep/titleBar/titleBar,$model/UI2/system/components/justep/panel/child,$model/UI2/system/components/justep/windowDialog/windowDialog,$model/UI2/system/components/justep/window/window,$model/UI2/system/components/justep/panel/panel,">
  <xhtml:style xmlns:xhtml="http://www.w3.org/1999/xhtml">null</xhtml:style>  
  <div component="$model/UI2/system/components/justep/model/model" xid="model" style="display:none" data-bind="component:{name:'$model/UI2/system/components/justep/model/model'}" data-events="onLoad:onLoad" __cid="ci2m2em" class="ci2m2em"/>  
  <div component="$model/UI2/system/components/justep/panel/panel" class="x-panel x-full p53f7a117f16a41618d946495902a7693-iosstatusbar ci2m2em" data-bind="component:{name:'$model/UI2/system/components/justep/panel/panel'}" __cid="ci2m2em"> 
    <div class="x-panel-top ci2m2em" component="$model/UI2/system/components/justep/panel/child" data-bind="component:{name:'$model/UI2/system/components/justep/panel/child'}" __cid="ci2m2em"> 
      <div component="$model/UI2/system/components/justep/titleBar/titleBar" class="x-titlebar ci2m2em" data-bind="component:{name:'$model/UI2/system/components/justep/titleBar/titleBar'}" data-config="{&quot;title&quot;:&quot;二维码&quot;}" __cid="ci2m2em"> 
        <div class="x-titlebar-left ci2m2em" __cid="ci2m2em"> 
          <a component="$model/UI2/system/components/justep/button/button" class="btn btn-link btn-only-icon ci2m2em" xid="backBtn" data-bind="component:{name:'$model/UI2/system/components/justep/button/button'}" data-events="onClick:backBtnClick" data-config="{&quot;icon&quot;:&quot;icon-chevron-left&quot;,&quot;label&quot;:&quot;&quot;}" __cid="ci2m2em"> 
            <i class="icon-chevron-left ci2m2em" __cid="ci2m2em"/>  
            <span __cid="ci2m2em" class="ci2m2em"/> 
          </a> 
        </div>  
        <div class="x-titlebar-title ci2m2em" __cid="ci2m2em">二维码</div>  
        <div class="x-titlebar-right  ci2m2em" __cid="ci2m2em">
          <div class="empty ci2m2em" __cid="ci2m2em"/>
        </div> 
      </div> 
    </div>  
    <div class="x-panel-content ci2m2em" bind-load="content2Load" component="$model/UI2/system/components/justep/panel/child" data-bind="component:{name:'$model/UI2/system/components/justep/panel/child'}" __cid="ci2m2em"> 
      <div component="$model/UI2/system/components/justep/controlGroup/controlGroup" class="x-control-group ci2m2em" xid="controlGroup1" data-bind="component:{name:'$model/UI2/system/components/justep/controlGroup/controlGroup'}" __cid="ci2m2em"> 
        <div component="$model/UI2/system/components/justep/row/row" class="x-row ci2m2em" xid="row1" data-bind="component:{name:'$model/UI2/system/components/justep/row/row'}" __cid="ci2m2em"> 
          <div class="x-col ci2m2em" xid="col1" style="height:150px;width:150px;" __cid="ci2m2em">
            <img alt="" xid="image1" style="width:150px;" height="150px" __cid="ci2m2em" class="ci2m2em"/>
          </div>  
          <div class="x-col ci2m2em" xid="col2" style="text-align:center;vertical-align:bottom;" __cid="ci2m2em">
            <span class="label ci2m2em" xid="label1" style="color:#000000;font-size:16px;padding:5px 5px 5px 5px;position:relative;top:120px;" __cid="ci2m2em"/>
          </div>  
          <div class="x-col ci2m2em" xid="col3" style="text-align:center;vertical-align:bottom;" __cid="ci2m2em">
            <span class="label ci2m2em" xid="label2" style="color:#000000;font-size:16px;padding:2px 2px 2px 2px;position:relative;top:120px;" __cid="ci2m2em"/>
          </div>
        </div>  
        <div component="$model/UI2/system/components/justep/row/row" class="x-row ci2m2em" xid="row2" data-bind="component:{name:'$model/UI2/system/components/justep/row/row'}" __cid="ci2m2em"> 
          <div class="x-col ci2m2em" xid="col6" style="margin-top:10px;" __cid="ci2m2em">
            <div xid="image2" style="height:300px;width:300px;text-align:center;vertical-align:middle;margin:auto" __cid="ci2m2em" class="ci2m2em"/>
          </div>
        </div>
      </div> 
    </div>  
    <style __cid="ci2m2em" class="ci2m2em">.x-panel.p53f7a117f16a41618d946495902a7693-iosstatusbar &gt;.x-panel-top {height: 48px;}.x-panel.p53f7a117f16a41618d946495902a7693-iosstatusbar &gt;.x-panel-content { top: 48px;bottom: nullpx;}.x-panel.p53f7a117f16a41618d946495902a7693-iosstatusbar &gt;.x-panel-bottom {height: nullpx;}.iosstatusbar .x-panel.p53f7a117f16a41618d946495902a7693-iosstatusbar &gt;.x-panel-top,.iosstatusbar .x-panel .x-panel-content .x-has-iosstatusbar.x-panel.p53f7a117f16a41618d946495902a7693-iosstatusbar &gt;.x-panel-top {height: 68px;}.iosstatusbar .x-panel.p53f7a117f16a41618d946495902a7693-iosstatusbar &gt;.x-panel-content,.iosstatusbar .x-panel .x-panel-content .x-has-iosstatusbar.x-panel.p53f7a117f16a41618d946495902a7693-iosstatusbar &gt;.x-panel-content { top: 68px;}.iosstatusbar .x-panel .x-panel-content .x-panel.p53f7a117f16a41618d946495902a7693-iosstatusbar &gt;.x-panel-top {height: 48px;}.iosstatusbar .x-panel .x-panel-content .x-panel.p53f7a117f16a41618d946495902a7693-iosstatusbar &gt;.x-panel-content {top: 48px;}</style>
  </div>  
  <span component="$model/UI2/system/components/justep/windowDialog/windowDialog" xid="chlidPageDig" style="top:8px;left:73px;" data-bind="component:{name:'$model/UI2/system/components/justep/windowDialog/windowDialog'}" __cid="ci2m2em" class="ci2m2em">
    <xhtml:div xmlns:xhtml="http://www.w3.org/1999/xhtml" class="x-dialog-overlay ci2m2em" __cid="ci2m2em"/>
    <xhtml:div xmlns:xhtml="http://www.w3.org/1999/xhtml" class="x-dialog ci2m2em" style="display:none;" __cid="ci2m2em">
      <xhtml:div class="x-dialog-title ci2m2em" __cid="ci2m2em">
        <xhtml:button class="close ci2m2em" __cid="ci2m2em">
          <xhtml:span __cid="ci2m2em" class="ci2m2em">×</xhtml:span>
        </xhtml:button>
        <xhtml:div class="x-dialog-title-text ci2m2em" __cid="ci2m2em"/>
      </xhtml:div>
      <xhtml:div class="x-dialog-body ci2m2em" __cid="ci2m2em"/>
    </xhtml:div>
  </span>  
  <span component="$model/UI2/system/components/justep/windowReceiver/windowReceiver" xid="windowReceiver1" style="top:9px;left:41px;" data-bind="component:{name:'$model/UI2/system/components/justep/windowReceiver/windowReceiver'}" __cid="ci2m2em" class="ci2m2em"/>
</div>
