<?xml version="1.0" encoding="UTF-8"?>

<div xmlns="http://www.w3.org/1999/xhtml" xid="window" class="window cyMNbYr" component="$model/UI2/system/components/justep/window/window" design="device:m;" data-bind="component:{name:'$model/UI2/system/components/justep/window/window'}" __cid="cyMNbYr" components="$model/UI2/system/components/justep/model/model,$model/UI2/system/components/justep/loadingBar/loadingBar,$model/UI2/system/components/justep/list/list,$model/UI2/system/components/justep/data/data,$model/UI2/system/components/justep/window/window,">
  <xhtml:style xmlns:xhtml="http://www.w3.org/1999/xhtml">.x-list-template.cyMNbYr li.cyMNbYr{border-top: 1px solid rgb(238, 238, 238); padding: 10px 15px} .x-list.cyMNbYr{margin-top: -10px} .redHeart.cyMNbYr{position: absolute; top: 88px; left: 20px}</xhtml:style>  
  <div component="$model/UI2/system/components/justep/model/model" xid="model" style="display:none" data-bind="component:{name:'$model/UI2/system/components/justep/model/model'}" __cid="cyMNbYr" class="cyMNbYr"/>  
  <div component="$model/UI2/system/components/justep/list/list" class="x-list cyMNbYr" xid="list1" data-bind="component:{name:'$model/UI2/system/components/justep/list/list'}" data-config="{&quot;data&quot;:&quot;jewelry&quot;}" __cid="cyMNbYr"> 
    <ul class="x-list-template hide cyMNbYr" xid="listTemplateUl1" bind-foreach="{data:$model.foreach_list1($element),afterRender:$model.foreach_afterRender_list1.bind($model,$element)}" __cid="cyMNbYr"> 
      <li xid="li1" class="col-xs-6 cyMNbYr" bind-click="li1Click" __cid="cyMNbYr">
        <div xid="div1" __cid="cyMNbYr" class="cyMNbYr">
          <img src="" alt="" xid="image1" class="img-responsive cyMNbYr" bind-attr-src="$model.transURL(&quot;./main/img/&quot;+ $object.val(&quot;image&quot;))" __cid="cyMNbYr"/>  
          <div xid="div4" class="redHeart cyMNbYr" __cid="cyMNbYr"> 
            <i xid="i1" class="icon-heart cyMNbYr" style="color:#FF00FF;" __cid="cyMNbYr"/>  
            <span xid="span3" bind-text="ref('Praise')" __cid="cyMNbYr" class="cyMNbYr"/>
          </div>
        </div>
        <div xid="div2" __cid="cyMNbYr" class="cyMNbYr">
          <h5 xid="h51" bind-text="ref('name')" __cid="cyMNbYr" class="cyMNbYr">h5</h5>
        </div>
        <div xid="div3" align="center" style="color:#FF0080;" __cid="cyMNbYr" class="cyMNbYr">
          <span xid="span1" bind-text="ref('price')" __cid="cyMNbYr" class="cyMNbYr"/>
        </div>
      </li>
    </ul> 
  </div> 
</div>
