<?xml version="1.0" encoding="UTF-8"?>

<div xmlns="http://www.w3.org/1999/xhtml" component="$model/UI2/system/components/justep/window/window" design="device:mobile" xid="window" data-bind="component:{name:'$model/UI2/system/components/justep/window/window'}" __cid="cvQRjAz" class="cvQRjAz" components="$model/UI2/system/components/justep/model/model,$model/UI2/system/components/justep/loadingBar/loadingBar,$model/UI2/system/components/justep/button/button,$model/UI2/system/components/justep/row/row,$model/UI2/system/components/justep/titleBar/titleBar,$model/UI2/system/components/justep/panel/child,$model/UI2/system/components/justep/window/window,$model/UI2/system/components/justep/panel/panel,">
  <xhtml:style xmlns:xhtml="http://www.w3.org/1999/xhtml">.o-img.cvQRjAz{width: 100%; height: 71px} .x-list.cvQRjAz ul.cvQRjAz{padding: 0 5px} .x-list.cvQRjAz ul.cvQRjAz li.cvQRjAz{margin-bottom: 10px; padding: 0} .x-list.cvQRjAz ul.cvQRjAz li.cvQRjAz &gt; div.cvQRjAz{width: 90%; margin: 0 auto; background-color: rgb(255, 255, 255)} .x-list.cvQRjAz ul.cvQRjAz li.cvQRjAz &gt; div.cvQRjAz span.cvQRjAz{display: inline-block; height: 28px; padding: 5px; overflow: hidden}</xhtml:style>  
  <div component="$model/UI2/system/components/justep/model/model" xid="model" style="display:none" data-bind="component:{name:'$model/UI2/system/components/justep/model/model'}" __cid="cvQRjAz" class="cvQRjAz"></div>  
  <div component="$model/UI2/system/components/justep/panel/panel" class="x-panel x-full x-card pdf7bdd9563c7421593c0e2d9286910c2-iosstatusbar cvQRjAz" data-bind="component:{name:'$model/UI2/system/components/justep/panel/panel'}" __cid="cvQRjAz"> 
    <div class="x-panel-top cvQRjAz" component="$model/UI2/system/components/justep/panel/child" data-bind="component:{name:'$model/UI2/system/components/justep/panel/child'}" __cid="cvQRjAz"> 
      <div component="$model/UI2/system/components/justep/titleBar/titleBar" class="x-titlebar cvQRjAz" data-bind="component:{name:'$model/UI2/system/components/justep/titleBar/titleBar'}" data-config="{&quot;title&quot;:&quot;好友圈&quot;}" __cid="cvQRjAz"> 
        <div class="x-titlebar-left cvQRjAz" __cid="cvQRjAz"> 
          <a component="$model/UI2/system/components/justep/button/button" class="btn btn-link btn-only-icon cvQRjAz" xid="backBtn" data-bind="component:{name:'$model/UI2/system/components/justep/button/button'}" data-events="onClick:{operation:'window.close'}" data-config="{&quot;icon&quot;:&quot;icon-chevron-left&quot;,&quot;label&quot;:&quot;&quot;}" __cid="cvQRjAz"> 
            <i class="icon-chevron-left cvQRjAz" __cid="cvQRjAz"/>  
            <span __cid="cvQRjAz" class="cvQRjAz"/> 
          </a> 
        </div>  
        <div class="x-titlebar-title cvQRjAz" __cid="cvQRjAz">好友圈</div>  
        <div class="x-titlebar-right  cvQRjAz" __cid="cvQRjAz">
          <div class="empty cvQRjAz" __cid="cvQRjAz"/>
        </div> 
      </div> 
    </div>  
    <div class="x-panel-content x-cards cvQRjAz" style="background-color:transparent;" component="$model/UI2/system/components/justep/panel/child" data-bind="component:{name:'$model/UI2/system/components/justep/panel/child'}" __cid="cvQRjAz"> 
      <div component="$model/UI2/system/components/justep/row/row" class="x-row cvQRjAz" xid="row1" data-bind="component:{name:'$model/UI2/system/components/justep/row/row'}" __cid="cvQRjAz"> 
        <div class="x-col cvQRjAz" xid="col1" style="text-align:center;" __cid="cvQRjAz">
          <a component="$model/UI2/system/components/justep/button/button" class="btn btn-link btn-icon-left cvQRjAz" xid="button1" style="width:100%;font-size:20px;font-weight:bold;color:#000000;border-style: solid;border-width: 1px;border-color: rgb(218, 218, 218);" data-bind="component:{name:'$model/UI2/system/components/justep/button/button'}" data-events="onClick:open" data-config="{&quot;icon&quot;:&quot;img:$model/UI2/Ljrecy/channel/img/friendC4.jpg&quot;,&quot;label&quot;:&quot;排行榜&quot;}" __cid="cvQRjAz"> 
            <i xid="i1" __cid="cvQRjAz" class="cvQRjAz"/>  
            <img src="$model/UI2/Ljrecy/channel/img/friendC4.jpg" xid="image1" style="width:70px;" __cid="cvQRjAz" class="cvQRjAz"/>
            <span xid="span1" __cid="cvQRjAz" class="cvQRjAz">排行榜</span>
          </a>
        </div> 
      </div> 
    </div>  
    <style __cid="cvQRjAz" class="cvQRjAz">.x-panel.pdf7bdd9563c7421593c0e2d9286910c2-iosstatusbar &gt;.x-panel-top {height: 48px;}.x-panel.pdf7bdd9563c7421593c0e2d9286910c2-iosstatusbar &gt;.x-panel-content { top: 48px;bottom: nullpx;}.x-panel.pdf7bdd9563c7421593c0e2d9286910c2-iosstatusbar &gt;.x-panel-bottom {height: nullpx;}.iosstatusbar .x-panel.pdf7bdd9563c7421593c0e2d9286910c2-iosstatusbar &gt;.x-panel-top,.iosstatusbar .x-panel .x-panel-content .x-has-iosstatusbar.x-panel.pdf7bdd9563c7421593c0e2d9286910c2-iosstatusbar &gt;.x-panel-top {height: 68px;}.iosstatusbar .x-panel.pdf7bdd9563c7421593c0e2d9286910c2-iosstatusbar &gt;.x-panel-content,.iosstatusbar .x-panel .x-panel-content .x-has-iosstatusbar.x-panel.pdf7bdd9563c7421593c0e2d9286910c2-iosstatusbar &gt;.x-panel-content { top: 68px;}.iosstatusbar .x-panel .x-panel-content .x-panel.pdf7bdd9563c7421593c0e2d9286910c2-iosstatusbar &gt;.x-panel-top {height: 48px;}.iosstatusbar .x-panel .x-panel-content .x-panel.pdf7bdd9563c7421593c0e2d9286910c2-iosstatusbar &gt;.x-panel-content {top: 48px;}</style>
  </div> 
</div>
