<?xml version="1.0" encoding="UTF-8"?>

<div xmlns="http://www.w3.org/1999/xhtml" component="$model/UI2/system/components/justep/window/window" design="device:m;" xid="window" class="window c2imEV3" data-bind="component:{name:'$model/UI2/system/components/justep/window/window'}" __cid="c2imEV3" components="$model/UI2/system/components/justep/model/model,$model/UI2/system/components/justep/loadingBar/loadingBar,$model/UI2/system/components/justep/button/button,$model/UI2/system/components/justep/row/row,$model/UI2/system/components/justep/output/output,$model/UI2/system/components/justep/titleBar/titleBar,$model/UI2/system/components/justep/panel/child,$model/UI2/system/components/justep/data/data,$model/UI2/system/components/justep/windowDialog/windowDialog,$model/UI2/system/components/justep/window/window,$model/UI2/system/components/justep/panel/panel,">
  <xhtml:style xmlns:xhtml="http://www.w3.org/1999/xhtml">null</xhtml:style>  
  <div component="$model/UI2/system/components/justep/model/model" xid="model" style="display:none" data-bind="component:{name:'$model/UI2/system/components/justep/model/model'}" data-events="onLoad:modelLoad" __cid="c2imEV3" class="c2imEV3"></div>  
  <span component="$model/UI2/system/components/justep/windowDialog/windowDialog" xid="windowDialog1" style="top:13px;left:96px;" data-bind="component:{name:'$model/UI2/system/components/justep/windowDialog/windowDialog'}" data-events="onReceived:windowDialog1Received" data-config="{&quot;src&quot;:&quot;$model/UI2/Ljrecy/2/changeLocal.w&quot;,&quot;title&quot;:&quot;修改所在地&quot;}" __cid="c2imEV3" class="c2imEV3">
    <xhtml:div xmlns:xhtml="http://www.w3.org/1999/xhtml" class="x-dialog-overlay c2imEV3" __cid="c2imEV3"/>
    <xhtml:div xmlns:xhtml="http://www.w3.org/1999/xhtml" class="x-dialog c2imEV3" style="display:none;" __cid="c2imEV3">
      <xhtml:div class="x-dialog-title c2imEV3" __cid="c2imEV3">
        <xhtml:button class="close c2imEV3" __cid="c2imEV3">
          <xhtml:span __cid="c2imEV3" class="c2imEV3">×</xhtml:span>
        </xhtml:button>
        <xhtml:div class="x-dialog-title-text c2imEV3" __cid="c2imEV3">修改所在地</xhtml:div>
      </xhtml:div>
      <xhtml:div class="x-dialog-body c2imEV3" __cid="c2imEV3"/>
    </xhtml:div>
  </span>
  <div component="$model/UI2/system/components/justep/panel/panel" class="x-panel x-full pc567fe9eb933461b80fefd57d0450f11-iosstatusbar c2imEV3" xid="panel1" data-bind="component:{name:'$model/UI2/system/components/justep/panel/panel'}" __cid="c2imEV3"> 
    <div class="x-panel-top c2imEV3" xid="top1" component="$model/UI2/system/components/justep/panel/child" data-bind="component:{name:'$model/UI2/system/components/justep/panel/child'}" __cid="c2imEV3"> 
      <div component="$model/UI2/system/components/justep/titleBar/titleBar" class="x-titlebar c2imEV3" data-bind="component:{name:'$model/UI2/system/components/justep/titleBar/titleBar'}" data-config="{&quot;title&quot;:&quot;MC账号&quot;}" __cid="c2imEV3"> 
        <div class="x-titlebar-left c2imEV3" __cid="c2imEV3"> 
          <a component="$model/UI2/system/components/justep/button/button" class="btn btn-link btn-only-icon c2imEV3" xid="backBtn" data-bind="component:{name:'$model/UI2/system/components/justep/button/button'}" data-events="onClick:{operation:'window.close'}" data-config="{&quot;icon&quot;:&quot;icon-chevron-left&quot;,&quot;label&quot;:&quot;&quot;}" __cid="c2imEV3"> 
            <i class="icon-chevron-left c2imEV3" __cid="c2imEV3"/>  
            <span __cid="c2imEV3" class="c2imEV3"/> 
          </a> 
        </div>  
        <div class="x-titlebar-title c2imEV3" __cid="c2imEV3">MC账号</div>  
        <div class="x-titlebar-right  c2imEV3" __cid="c2imEV3">
          <div class="empty c2imEV3" __cid="c2imEV3"/>
        </div> 
      </div> 
    </div>  
    <div class="x-panel-content c2imEV3" xid="content1" component="$model/UI2/system/components/justep/panel/child" data-bind="component:{name:'$model/UI2/system/components/justep/panel/child'}" __cid="c2imEV3"> 
      <div component="$model/UI2/system/components/justep/row/row" class="x-row c2imEV3" xid="row1" style="height:14.2857143%;" data-bind="component:{name:'$model/UI2/system/components/justep/row/row'}" __cid="c2imEV3"> 
        <div class="x-col c2imEV3" xid="col2" style="text-align:center;display:block;font-weight:bold;font-size:20px;margin:auto;" __cid="c2imEV3">头像</div>  
        <div class="x-col c2imEV3" xid="imgcol" style="text-align:center;height:100%;width:100%;" __cid="c2imEV3"> 
          <img alt="" xid="image1" height="100%" __cid="c2imEV3" class="c2imEV3"/> 
        </div> 
      </div>  
      <div component="$model/UI2/system/components/justep/row/row" class="x-row c2imEV3" xid="row2" style="height:14.2857143%;" data-bind="component:{name:'$model/UI2/system/components/justep/row/row'}" __cid="c2imEV3"> 
        <div class="x-col c2imEV3" xid="col5" style="text-align:center;display:block;font-weight:bold;font-size:20px;margin:auto;" __cid="c2imEV3">用户名</div>  
        <div class="x-col c2imEV3" xid="usrNameCol" style="text-align:center;margin:auto" __cid="c2imEV3"> 
          <div component="$model/UI2/system/components/justep/output/output" class="x-output c2imEV3" xid="usrNameOp" style="text-align:center;margin:auto;height:100%;width:100%;font-size:20px;color:#C0C0C0;" data-bind="component:{ref:$model.data2.ref(&quot;usrName&quot;),name:'$model/UI2/system/components/justep/output/output'}" __cid="c2imEV3"/> 
        </div> 
      </div>  
      <div component="$model/UI2/system/components/justep/row/row" class="x-row c2imEV3" xid="row3" style="height:14.2857143%;" data-bind="component:{name:'$model/UI2/system/components/justep/row/row'}" __cid="c2imEV3"> 
        <div class="x-col c2imEV3" xid="col8" style="text-align:center;display:block;font-weight:bold;font-size:20px;margin:auto;" __cid="c2imEV3">姓名</div>  
        <div class="x-col c2imEV3" xid="col9" style="text-align:center;margin:auto" __cid="c2imEV3"> 
          <div component="$model/UI2/system/components/justep/output/output" class="x-output c2imEV3" xid="output5" style="text-align:center;margin:auto;height:100%;width:100%;font-size:20px;color:#C0C0C0;" data-bind="component:{ref:$model.data2.ref(&quot;name&quot;),name:'$model/UI2/system/components/justep/output/output'}" __cid="c2imEV3"/> 
        </div> 
      </div>  
      <div component="$model/UI2/system/components/justep/row/row" class="x-row c2imEV3" xid="row4" style="height:14.2857143%;" data-bind="component:{name:'$model/UI2/system/components/justep/row/row'}" __cid="c2imEV3"> 
        <div class="x-col c2imEV3" xid="col11" style="text-align:center;display:block;font-weight:bold;font-size:20px;margin:auto;" __cid="c2imEV3">性别</div>  
        <div class="x-col c2imEV3" xid="col12" style="text-align:center;margin:auto" __cid="c2imEV3"> 
          <div component="$model/UI2/system/components/justep/output/output" class="x-output c2imEV3" xid="output6" style="text-align:center;margin:auto;height:100%;width:100%;font-size:20px;color:#C0C0C0;" data-bind="component:{ref:$model.data2.ref(&quot;sex&quot;),name:'$model/UI2/system/components/justep/output/output'}" __cid="c2imEV3"/> 
        </div> 
      </div>  
      <div component="$model/UI2/system/components/justep/row/row" class="x-row c2imEV3" xid="row5" style="height:14.2857143%;" data-bind="component:{name:'$model/UI2/system/components/justep/row/row'}" __cid="c2imEV3"> 
        <div class="x-col c2imEV3" xid="col14" style="text-align:center;display:block;font-weight:bold;font-size:20px;margin:auto;" __cid="c2imEV3">身份证号</div>  
        <div class="x-col c2imEV3" xid="col15" style="text-align:center;margin:auto" __cid="c2imEV3"> 
          <div component="$model/UI2/system/components/justep/output/output" class="x-output c2imEV3" xid="output7" style="text-align:center;margin:auto;height:100%;width:100%;font-size:20px;color:#C0C0C0;" data-bind="component:{ref:$model.data2.ref(&quot;idCard&quot;),name:'$model/UI2/system/components/justep/output/output'}" __cid="c2imEV3"/> 
        </div> 
      </div>  
      <div component="$model/UI2/system/components/justep/row/row" class="x-row c2imEV3" xid="row6" style="height:14.2857143%;" data-bind="component:{name:'$model/UI2/system/components/justep/row/row'}" __cid="c2imEV3"> 
        <div class="x-col c2imEV3" xid="col17" style="text-align:center;display:block;font-weight:bold;font-size:20px;margin:auto;" __cid="c2imEV3">所在地</div>  
        <div class="x-col c2imEV3" xid="localcol" style="text-align:center;margin:auto" bind-click="changeInfo" __cid="c2imEV3"> 
          <div component="$model/UI2/system/components/justep/output/output" class="x-output c2imEV3" xid="localOp" style="text-align:center;margin:auto;height:100%;width:100%;font-size:20px;" data-bind="component:{ref:$model.data2.ref(&quot;local&quot;),name:'$model/UI2/system/components/justep/output/output'}" __cid="c2imEV3"/> 
        </div> 
      </div>  
      <div component="$model/UI2/system/components/justep/row/row" class="x-row c2imEV3" xid="row7" style="height:14.2857143%;" data-bind="component:{name:'$model/UI2/system/components/justep/row/row'}" __cid="c2imEV3"> 
        <div class="x-col c2imEV3" xid="col24" style="text-align:center;display:block;font-weight:bold;font-size:20px;margin:auto;" __cid="c2imEV3">个性签名</div>  
        <div class="x-col c2imEV3" xid="signcol" style="text-align:center;margin:auto" bind-click="changeInfo" __cid="c2imEV3"> 
          <div component="$model/UI2/system/components/justep/output/output" class="x-output c2imEV3" xid="signOp" style="text-align:center;margin:auto;height:100%;width:100%;font-size:20px;" data-bind="component:{ref:$model.data2.ref(&quot;sign&quot;),name:'$model/UI2/system/components/justep/output/output'}" __cid="c2imEV3"/> 
        </div> 
      </div> 
    </div>  
    <style __cid="c2imEV3" class="c2imEV3">.x-panel.pc567fe9eb933461b80fefd57d0450f11-iosstatusbar &gt;.x-panel-top {height: 48px;}.x-panel.pc567fe9eb933461b80fefd57d0450f11-iosstatusbar &gt;.x-panel-content { top: 48px;bottom: nullpx;}.x-panel.pc567fe9eb933461b80fefd57d0450f11-iosstatusbar &gt;.x-panel-bottom {height: nullpx;}.iosstatusbar .x-panel.pc567fe9eb933461b80fefd57d0450f11-iosstatusbar &gt;.x-panel-top,.iosstatusbar .x-panel .x-panel-content .x-has-iosstatusbar.x-panel.pc567fe9eb933461b80fefd57d0450f11-iosstatusbar &gt;.x-panel-top {height: 68px;}.iosstatusbar .x-panel.pc567fe9eb933461b80fefd57d0450f11-iosstatusbar &gt;.x-panel-content,.iosstatusbar .x-panel .x-panel-content .x-has-iosstatusbar.x-panel.pc567fe9eb933461b80fefd57d0450f11-iosstatusbar &gt;.x-panel-content { top: 68px;}.iosstatusbar .x-panel .x-panel-content .x-panel.pc567fe9eb933461b80fefd57d0450f11-iosstatusbar &gt;.x-panel-top {height: 48px;}.iosstatusbar .x-panel .x-panel-content .x-panel.pc567fe9eb933461b80fefd57d0450f11-iosstatusbar &gt;.x-panel-content {top: 48px;}</style>
  </div> 
</div>
