[
	{"id":"1","image":"s1.png","Praise":"13","name":"BOO+BOO霓虹色手工皮质手链（眼睛）","price":"241"},
	{"id":"1","image":"s2.png","Praise":"53","name":"BOO+BOO霓虹色手工皮质手链（Navajo）","price":"532"},
	{"id":"1","image":"s3.png","Praise":"43","name":"BOO+BOO霓虹色手工霓虹色皮质手链","price":"130"},
	{"id":"1","image":"s4.png","Praise":"19","name":"BOO+BOO霓虹色手工皮质戒指（三角几何）","price":"154"},
	{"id":"2","image":"s5.png","Praise":"14","name":"BOO+BOO霓虹色手工皮质耳环","price":"211"},
	{"id":"2","image":"s6.png","Praise":"52","name":"BOO+BOO霓虹色手工皮质手链（绿流苏）","price":"410"},
	{"id":"2","image":"s7.png","Praise":"26","name":"BOO+BOO霓虹色手工皮质手链（眼睛）","price":"240"},
	{"id":"2","image":"s8.png","Praise":"28","name":"BOO+BOO霓虹色手工皮质手链（眼睛）","price":"104"}
]