[
	{"id":"1","image":"s1.png","Praise":"13","name":"皮质手链（眼睛）","price":"187"},
	{"id":"1","image":"s2.png","Praise":"53","name":"皮质手链（Navajo）","price":"253"},
	{"id":"1","image":"s3.png","Praise":"43","name":"霓虹色皮质手链","price":"231"},
	{"id":"1","image":"s4.png","Praise":"19","name":"皮质戒指（三角几何）","price":"142"},
	{"id":"2","image":"s5.png","Praise":"14","name":"皮质耳环","price":"254"},
	{"id":"2","image":"s6.png","Praise":"52","name":"皮质手链（绿流苏）","price":"240"},
	{"id":"2","image":"s7.png","Praise":"26","name":"皮质手链（眼睛）","price":"240"},
	{"id":"2","image":"s8.png","Praise":"28","name":"皮质手链（眼睛）","price":"105"}
]