<?xml version="1.0" encoding="UTF-8"?>

<div xmlns="http://www.w3.org/1999/xhtml" class="main13 cArAJrm" component="$model/UI2/system/components/justep/window/window" design="device:mobile;" xid="window" data-bind="component:{name:'$model/UI2/system/components/justep/window/window'}" __cid="cArAJrm" components="$model/UI2/system/components/justep/model/model,$model/UI2/system/components/justep/loadingBar/loadingBar,$model/UI2/system/components/justep/button/button,$model/UI2/system/components/justep/list/list,$model/UI2/system/components/justep/panel/child,$model/UI2/system/components/justep/windowDialog/windowDialog,$model/UI2/system/components/justep/panel/panel,$model/UI2/system/components/justep/contents/content,$model/UI2/system/components/bootstrap/carousel/carousel,$model/UI2/system/components/justep/titleBar/titleBar,$model/UI2/system/components/justep/contents/contents,$model/UI2/system/components/justep/data/data,$model/UI2/system/components/justep/window/window,">
  <xhtml:style xmlns:xhtml="http://www.w3.org/1999/xhtml">.o-navList.cArAJrm ul.cArAJrm li.cArAJrm{padding: 10px; background-color: rgb(255, 255, 255); color: rgb(0, 0, 0); border-right: rgb(255, 255, 255) solid 1px; border-bottom: rgb(255, 255, 255) solid 1px} .o-navList.cArAJrm ul.cArAJrm li.cArAJrm i.cArAJrm{font-size: 22px} .o-navList.cArAJrm ul.cArAJrm li.cArAJrm h5.cArAJrm{color: rgb(0, 0, 0)} .x-carousel.cArAJrm .x-contents.cArAJrm &gt; .x-contents-content.cArAJrm{overflow: hidden} .x-carousel.cArAJrm .x-contents.cArAJrm &gt; .x-contents-content.cArAJrm &gt; img.cArAJrm{position: relative; margin-left: -160px; left: 50%; width: 320px}</xhtml:style>  
  <div component="$model/UI2/system/components/justep/model/model" xid="model" style="display:none" data-bind="component:{name:'$model/UI2/system/components/justep/model/model'}" __cid="cArAJrm" class="cArAJrm"></div>  
  <span component="$model/UI2/system/components/justep/windowDialog/windowDialog" xid="loginDialog" data-bind="component:{name:'$model/UI2/system/components/justep/windowDialog/windowDialog'}" data-events="onReceived:loginDialogReceived" data-config="{&quot;src&quot;:&quot;$model/UI2/Ljrecy/LoginActivity.w&quot;,&quot;title&quot;:&quot;登录&quot;}" __cid="cArAJrm" class="cArAJrm">
    <xhtml:div xmlns:xhtml="http://www.w3.org/1999/xhtml" class="x-dialog-overlay cArAJrm" __cid="cArAJrm"/>
    <xhtml:div xmlns:xhtml="http://www.w3.org/1999/xhtml" class="x-dialog cArAJrm" style="display:none;" __cid="cArAJrm">
      <xhtml:div class="x-dialog-title cArAJrm" __cid="cArAJrm">
        <xhtml:button class="close cArAJrm" __cid="cArAJrm">
          <xhtml:span __cid="cArAJrm" class="cArAJrm">×</xhtml:span>
        </xhtml:button>
        <xhtml:div class="x-dialog-title-text cArAJrm" __cid="cArAJrm">登录</xhtml:div>
      </xhtml:div>
      <xhtml:div class="x-dialog-body cArAJrm" __cid="cArAJrm"/>
    </xhtml:div>
  </span>
  <span component="$model/UI2/system/components/justep/windowDialog/windowDialog" xid="childPageWinDig" style="top:10px;left:37px;" data-bind="component:{name:'$model/UI2/system/components/justep/windowDialog/windowDialog'}" __cid="cArAJrm" class="cArAJrm">
    <xhtml:div xmlns:xhtml="http://www.w3.org/1999/xhtml" class="x-dialog-overlay cArAJrm" __cid="cArAJrm"/>
    <xhtml:div xmlns:xhtml="http://www.w3.org/1999/xhtml" class="x-dialog cArAJrm" style="display:none;" __cid="cArAJrm">
      <xhtml:div class="x-dialog-title cArAJrm" __cid="cArAJrm">
        <xhtml:button class="close cArAJrm" __cid="cArAJrm">
          <xhtml:span __cid="cArAJrm" class="cArAJrm">×</xhtml:span>
        </xhtml:button>
        <xhtml:div class="x-dialog-title-text cArAJrm" __cid="cArAJrm"/>
      </xhtml:div>
      <xhtml:div class="x-dialog-body cArAJrm" __cid="cArAJrm"/>
    </xhtml:div>
  </span>
  <div component="$model/UI2/system/components/justep/panel/panel" class="x-panel x-full p5a2c11d17c444b4489969e992180c2be-iosstatusbar cArAJrm" data-bind="component:{name:'$model/UI2/system/components/justep/panel/panel'}" __cid="cArAJrm"> 
    <div class="x-panel-top cArAJrm" component="$model/UI2/system/components/justep/panel/child" data-bind="component:{name:'$model/UI2/system/components/justep/panel/child'}" __cid="cArAJrm"> 
      <div component="$model/UI2/system/components/justep/titleBar/titleBar" class="x-titlebar cArAJrm" data-bind="component:{name:'$model/UI2/system/components/justep/titleBar/titleBar'}" data-config="{&quot;title&quot;:&quot;Mint Circle&quot;}" __cid="cArAJrm"> 
        <div class="x-titlebar-left cArAJrm" __cid="cArAJrm"/>  
        <div class="x-titlebar-title cArAJrm" __cid="cArAJrm">Mint Circle</div>  
        <div class="x-titlebar-right  cArAJrm" style="width:auto;" __cid="cArAJrm"> 
          <a component="$model/UI2/system/components/justep/button/button" class="btn btn-link btn-only-label center-block cArAJrm" xid="button1" bind-click="login" data-bind="component:{name:'$model/UI2/system/components/justep/button/button'}" data-config="{&quot;label&quot;:&quot;登录&quot;}" __cid="cArAJrm"> 
            <i xid="i2" __cid="cArAJrm" class="cArAJrm"/>  
            <span xid="span5" __cid="cArAJrm" class="cArAJrm">登录</span>
          </a>
        </div> 
      </div> 
    </div>  
    <div class="x-panel-content cArAJrm" component="$model/UI2/system/components/justep/panel/child" data-bind="component:{name:'$model/UI2/system/components/justep/panel/child'}" __cid="cArAJrm"> 
      <div component="$model/UI2/system/components/bootstrap/carousel/carousel" class="x-carousel carousel cArAJrm" xid="carousel1" data-bind="component:{name:'$model/UI2/system/components/bootstrap/carousel/carousel'}" data-config="{&quot;interval&quot;:1}" __cid="cArAJrm"> 
        <div class="x-contents carousel-inner cArAJrm" role="listbox" component="$model/UI2/system/components/justep/contents/contents" xid="contents1" style="height:240px;" data-bind="component:{name:'$model/UI2/system/components/justep/contents/contents'}" data-config="{&quot;active&quot;:0,&quot;slidable&quot;:true,&quot;swipe&quot;:true,&quot;wrap&quot;:true}" __cid="cArAJrm"> 
          <div class="x-contents-content active cArAJrm" xid="content1" style="background: #fff repeat-x" component="$model/UI2/system/components/justep/contents/content" data-bind="component:{name:'$model/UI2/system/components/justep/contents/content'}" __cid="cArAJrm"> 
            <img bind-attr-src="$model.toUrl('./img/carouselImg.jpg')" height="240px" xid="indeximg" __cid="cArAJrm" class="cArAJrm"/> 
          </div> 
        </div> 
      </div>  
      <div component="$model/UI2/system/components/justep/list/list" class="x-list o-navList cArAJrm" xid="list1" data-bind="component:{name:'$model/UI2/system/components/justep/list/list'}" data-config="{&quot;data&quot;:&quot;data&quot;}" __cid="cArAJrm"> 
        <ul class="x-list-template hide cArAJrm" xid="listTemplateUl1" bind-foreach="{data:$model.foreach_list1($element),afterRender:$model.foreach_afterRender_list1.bind($model,$element)}" __cid="cArAJrm"> 
          <li xid="li1" class="col-xs-6 text-center cArAJrm" bind-click="open" style="height:100%;width:33%;" __cid="cArAJrm"> 
            <i bind-css="val(&quot;icon&quot;)" xid="i1" style="height:50px;width:50px;" __cid="cArAJrm" class="cArAJrm"/>  
            <img alt="" xid="image4" bind-attr-src=" val(&quot;icon&quot;)" height="50px" style="width:50px;" __cid="cArAJrm" class="cArAJrm"/>  
            <h5 bind-text="ref('title')" xid="h51" __cid="cArAJrm" class="cArAJrm"/> 
          </li> 
        </ul> 
      </div> 
    </div>  
    <style __cid="cArAJrm" class="cArAJrm">.x-panel.p5a2c11d17c444b4489969e992180c2be-iosstatusbar &gt;.x-panel-top {height: 48px;}.x-panel.p5a2c11d17c444b4489969e992180c2be-iosstatusbar &gt;.x-panel-content { top: 48px;bottom: nullpx;}.x-panel.p5a2c11d17c444b4489969e992180c2be-iosstatusbar &gt;.x-panel-bottom {height: nullpx;}.iosstatusbar .x-panel.p5a2c11d17c444b4489969e992180c2be-iosstatusbar &gt;.x-panel-top,.iosstatusbar .x-panel .x-panel-content .x-has-iosstatusbar.x-panel.p5a2c11d17c444b4489969e992180c2be-iosstatusbar &gt;.x-panel-top {height: 68px;}.iosstatusbar .x-panel.p5a2c11d17c444b4489969e992180c2be-iosstatusbar &gt;.x-panel-content,.iosstatusbar .x-panel .x-panel-content .x-has-iosstatusbar.x-panel.p5a2c11d17c444b4489969e992180c2be-iosstatusbar &gt;.x-panel-content { top: 68px;}.iosstatusbar .x-panel .x-panel-content .x-panel.p5a2c11d17c444b4489969e992180c2be-iosstatusbar &gt;.x-panel-top {height: 48px;}.iosstatusbar .x-panel .x-panel-content .x-panel.p5a2c11d17c444b4489969e992180c2be-iosstatusbar &gt;.x-panel-content {top: 48px;}</style>
  </div> 
</div>
